Embarcation,Age,Prenom,Nom,valeur,Type,code_club
K1H,U18,JULIEN,VAREY,117.25,Jeune,0108
K1D,U18,Capucine,CAVROIS,123.25,Jeune,0108
C1D,U18,Capucine,CAVROIS,185.0,CD,0108
K1H,M22,ETIENNE,WICHE,17.75,K1H,0108
K1D,M22,PHENICIA,DUPRAS,5.75,K1D,0108
K1H,U21,Robin,CAVROIS,50.0,Top 10,0108
K1H,U18,JULIEN,VAREY,117.25,Top 10,0108
K1D,U18,Capucine,CAVROIS,123.25,Top 10,0108
K1H,U18,Lenni,LAMBERT,172.5,Top 10,0108
K1H,U18,EVANN,BROSSE,203.5,Top 10,0108
K1H,,EVANN,BROSSE,203.5,,0108
C1H,M2,David,MONNET,217.5,C1H,0116
K1H,M1,NICOLAS,VATTAN,570.75,K1H,0163
K1H,U18,Basile,GOURLIN,82.0,Jeune,0203
K1H,U18,Basile,GOURLIN,82.0,K1H,0203
K1H,M2,THOMAS,GOURLIN,243.0,Top 10,0203
K1D,U18,Clara,NORGUET,120.75,Jeune,0204
C1D,U18,Clara,NORGUET,159.25,Jeune,0204
C1D,U18,Clara,NORGUET,159.25,CD,0204
C2H,M,David/FABRICE,SOVEAUX/BETHUNE,36.0,C2,0204
K1H,M2,FABRICE,BETHUNE,62.0,K1H,0204
K1D,U18,Clara,NORGUET,120.75,K1D,0204
C1H,M2,David,SOVEAUX,123.5,C1H,0204
K1D,M,LAURENCE,BIDAUX,150.0,Top 10,0204
C2M,,David/LAURENCE,SOVEAUX/BIDAUX,244.25,Top 10,0204
C2H,,THIBAUT/PAUL,COLLIGNON/BORNET,82.0,C2,0205
K1H,M22,THIBAUT,COLLIGNON,27.0,K1H,0205
K1H,M2,JEROME,LAVENANT,99.0,Top 10,0205
K1H,M3,LAURENT,KARMUSIK,178.75,Top 10,0205
K1H,U18,Louis,BELTON,131.5,Jeune,0211
K1D,U15,Zoe,BELTON,142.75,Jeune,0211
C1D,,CAMILLE,TENAILLON,155.25,CD,0211
C2H,M,VINCENT/DAVID,FERREIRA/BELTON,66.25,C2,0211
K1H,M22,FLORIAN,CRETTE,76.25,K1H,0211
K1D,M22,CAMILLE,TENAILLON,32.25,K1D,0211
C1H,M1,QUENTIN,MOREAUX,22.5,C1H,0211
C1H,M22,Theo,GALET,87.0,Top 10,0211
K1H,M2,DAVID,BELTON,89.5,Top 10,0211
C2M,,JULIETTE/QUENTIN,BLONDEAU/MOREAUX,101.5,Top 10,0211
K1H,M2,VINCENT,FERREIRA,114.75,Top 10,0211
K1H,M1,QUENTIN,MOREAUX,121.75,Top 10,0211
K1H,U18,Louis,BELTON,131.5,,0211
K1D,U15,Zoe,BELTON,142.75,,0211
C1H,M22,FLORIAN,CRETTE,169.5,,0211
K1H,U21,MAXENCE,DEMILLY,176.0,,0211
K1H,U21,Clement,LEMOINE,186.5,,0211
K1D,U21,Chloe,CORBET,193.5,,0211
K1H,M3,CHRISTIAN,DESCATOIRE,197.75,,0211
K1H,U15,Lukas,LE DROGO,476.75,,0211
K1H,M22,Theo,GALET,153.0,K1H,0213
K1H,M22,BENJAMIN,ALEXANDRE,273.75,Top 10,0213
K1H,M3,OLIVIER,ALEXANDRE,407.0,Top 10,0213
K1H,M3,CLAUDE,FLOURET,160.75,K1H,0310
K1H,M3,SERGE,BONNET,175.75,Top 10,0310
K1H,M3,PHILIPPE,BIGARD,202.25,Top 10,0310
K1H,,PHILIPPE,BIGARD,202.25,Top 10,0310
C1H,U18,Cedric,PASSAS,56.75,Jeune,0703
K1H,U18,Cedric,PASSAS,81.25,Jeune,0703
C1D,,Eve,VITALI-GUILBERT,0.25,CD,0703
K1H,U18,Cedric,PASSAS,81.25,K1H,0703
K1D,U21,Eve,VITALI-GUILBERT,1.0,K1D,0703
C1H,U18,Cedric,PASSAS,56.75,C1H,0703
K1H,U21,AXEL,BROSSAT,56.25,K1H,0705
C1H,U18,Antonin,OUDIN,99.0,Jeune,0809
C1H,U18,Antonin,OUDIN,99.0,C1H,0809
K1H,U18,Milo,SOLECKI,72.0,Jeune,1306
K1H,U18,Milan,APARICIO FERNANDEZ,180.5,Jeune,1306
C1D,,Lisa,SADELLI,121.0,CD,1306
K1H,M22,LUCA,BARONE,0.0,K1H,1306
K1D,M22,ELKE,SARAGAS,22.75,K1D,1306
C1H,U18,Milan,APARICIO FERNANDEZ,183.0,C1H,1306
K1H,M22,Titouan,DOREAU,7.5,Top 10,1306
K1H,M22,RAPHAEL,BONNARD,10.75,Top 10,1306
K1H,M22,CORENTIN,GEORGEON,30.5,Top 10,1306
K1H,M1,PAUL,GRATON,47.0,Top 10,1306
K1H,U18,Milo,SOLECKI,72.0,Top 10,1306
K1H,,Milo,SOLECKI,72.0,,1306
K1H,,Milan,APARICIO FERNANDEZ,180.5,,1306
K1H,U18,Milan,APARICIO FERNANDEZ,180.5,,1306
K1H,U18,Pierre,TOURRES,255.5,,1306
K1H,,Pierre,TOURRES,255.5,,1306
K1H,U15,Nael,SAADALLAOUI,351.25,,1306
C1H,U18,Khalil,SEGHOUANI,516.5,,1306
K1H,M22,Jocelyn,LOCATELLI,102.0,K1H,1320
K1H,M2,NICOLAS,CAYRON,100.0,K1H,1503
C2H,M,TONY/SYLVAIN,NOGUES/BRUNET,68.75,C2,1604
K1H,M3,CHRISTIAN,BOOB,122.0,K1H,1604
C1H,M2,TONY,NOGUES,67.75,C1H,1604
C1H,M3,SYLVAIN,BRUNET,82.0,Top 10,1604
C1H,M2,EMMANUEL,LANCHAIS,147.5,Top 10,1604
K1H,M3,LOUIS-GUY,PETITJEANNIN,204.0,Top 10,1604
K1H,M2,MATTHIEU,DELUTHAULT,238.75,Top 10,1604
K1D,U15,LOUISE,ROBELIN,153.25,Jeune,1611
K1H,U15,NOLAN,MAYOUX,319.75,Jeune,1611
K1H,U21,HUGO,PELLISSIER,41.75,K1H,1611
K1D,U15,LOUISE,ROBELIN,153.25,K1D,1611
K1H,U15,NOLAN,MAYOUX,319.75,Top 10,1611
K1H,,NOLAN,MAYOUX,319.75,Top 10,1611
K1D,U15,Elea,LUTINIER,54.75,Jeune,1612
C1D,U15,Elea,LUTINIER,160.75,Jeune,1612
C1D,U15,Elea,LUTINIER,160.75,CD,1612
K1H,,BORIS,LUTINIER,91.0,K1H,1612
K1D,U15,Elea,LUTINIER,54.75,K1D,1612
C1H,M3,FREDERIC,BOOB,128.25,C1H,1620
K1H,,THOMAS,BAILLARD,313.75,K1H,1705
K1H,U18,Elouan,NOGUES,18.0,Jeune,1712
K1H,U18,Lucien,MULERO,219.75,Jeune,1712
K1H,U18,Elouan,NOGUES,18.0,K1H,1712
K1D,M22,JULIE,HUCHON,84.0,K1D,1712
C1H,U18,Eliott,CHERBONNIER FORTUNE,300.75,C1H,1712
K1H,U21,Baptiste,HUCHON,90.0,Top 10,1712
K1H,,Baptiste,HUCHON,90.0,Top 10,1712
K1H,M1,Basile,PIERRE EUGENE,93.75,Top 10,1712
K1D,,CAMILLE,OLLIVIER,115.0,Top 10,1712
K1D,U21,CAMILLE,OLLIVIER,115.0,Top 10,1712
K1H,U18,Lucien,MULERO,219.75,,1712
K1H,M22,THOMAS,BAILLARD,313.75,,1712
K1H,U18,Eliott,CHERBONNIER FORTUNE,337.75,,1712
K1H,,Eliott,CHERBONNIER FORTUNE,337.75,,1712
K1D,U21,Serena,GUIBANE,257.0,K1D,1816
C1H,U18,Tom,LASKOSKE DAUPHIN,71.25,Jeune,1911
K1H,U18,Tom,LASKOSKE DAUPHIN,73.75,Jeune,1911
C1D,,CECILE,GREHAN,50.0,CD,1911
C2H,,CORENTIN/Clement,COMBE/MONJANEL,4.5,C2,1911
K1H,M22,Clement,MONJANEL,5.0,K1H,1911
K1D,,CECILE,GREHAN,24.75,K1D,1911
C1H,M1,Cyril,LEBLOND,62.0,C1H,1911
K1H,M22,CORENTIN,COMBE,27.0,Top 10,1911
K1H,M22,RAPHAEL,GREHAN,54.0,Top 10,1911
C2H,M,Cyril/Thijs,LEBLOND/PAAUW,57.75,Top 10,1911
K1H,M1,Thijs,PAAUW,60.25,Top 10,1911
K1H,M1,JULIEN,LAFEUILLE,62.75,Top 10,1911
K1D,M22,MARLENE,RIO,66.25,,1911
C1H,U18,Tom,LASKOSKE DAUPHIN,71.25,,1911
K1H,U18,Tom,LASKOSKE DAUPHIN,73.75,,1911
C2H,U18,Yann/Tom,KERBRAT/LASKOSKE DAUPHIN,78.0,,1911
K1H,M22,LIONEL,DE MIRANDA,81.75,,1911
C2H,M,JULIEN/VALENTIN,LAFEUILLE/BERLAND,91.5,,1911
K1H,U18,Yann,KERBRAT,125.75,,1911
C1H,M1,VALENTIN,BERLAND,130.75,,1911
K1H,M1,Cyril,LEBLOND,131.25,,1911
K1H,U18,Hugo,EYROLLES,281.75,,1911
K1H,U15,Loan,TREMOUILLE,431.0,,1911
K1H,U18,Emmanuel,CAZAUBON,235.75,Jeune,1962
K1D,U18,MAYA,LE PICARD-GOSS,237.0,Jeune,1962
C1D,U18,MAYA,LE PICARD-GOSS,245.0,CD,1962
C2H,,PIETER/JEAN,PAAUW/BLAUDY,121.25,C2,1962
K1H,M22,PIETER,PAAUW,74.75,K1H,1962
K1D,M22,ANNABELLE,BERTHUMEYRIE,142.75,K1D,1962
C1H,M22,ROBIN,PAPA__X,225.5,C1H,1962
K1H,M2,FRANCOIS,BOUCHER,145.0,Top 10,1962
K1H,M22,ROBIN,PAPA__X,216.75,Top 10,1962
K1H,U18,Emmanuel,CAZAUBON,235.75,Top 10,1962
K1D,U18,MAYA,LE PICARD-GOSS,237.0,Top 10,1962
K1H,U21,ALIX,CONGNARD LECAT,264.5,Top 10,1962
K1H,U18,Noah,ROPERS,21.5,Jeune,2206
C1H,U18,Yoann,MANAC'H-GOASAMPIS,60.0,Jeune,2206
C1D,U15,Oceane,LE CUN,179.0,CD,2206
C2H,U18,Yoann/Nolhan,MANAC'H-GOASAMPIS/LE ROUZES,104.75,C2,2206
K1H,U18,Noah,ROPERS,21.5,K1H,2206
K1D,U15,Oceane,LE CUN,108.5,K1D,2206
C1H,U18,Yoann,MANAC'H-GOASAMPIS,60.0,C1H,2206
K1H,U18,Mathieu,DUBOIS,71.75,Top 10,2206
K1H,M2,MATTHIEU,PIERRE,117.75,Top 10,2206
C1H,M2,MATTHIEU,PIERRE,138.0,Top 10,2206
C1H,U18,Nolhan,LE ROUZES,149.25,Top 10,2206
C1H,,Nolhan,LE ROUZES,149.25,Top 10,2206
C1H,U18,Mathieu,DUBOIS,171.5,,2206
K1H,U15,JEAN,MOREAU,246.75,,2206
K1H,U18,Nino,DURGONI,306.0,,2206
C1D,U18,Yaelle,BIDAULT,46.25,Jeune,2214
C1D,U18,Angeline,BEAUDUCEL,79.25,Jeune,2214
C1D,U18,Yaelle,BIDAULT,46.25,CD,2214
C2H,,Ethan/Ilann,RENAUD/COURAGE,64.0,C2,2214
K1H,U21,Ethan,RENAUD,76.75,K1H,2214
K1D,U15,Elise,BINEY,115.75,K1D,2214
C1H,U21,Ilann,COURAGE,76.0,C1H,2214
C1D,U18,Angeline,BEAUDUCEL,79.25,Top 10,2214
C2D,,Angeline/Yaelle,BEAUDUCEL/BIDAULT,133.5,Top 10,2214
K1D,U15,Maelys,PLESTAN,137.25,Top 10,2214
K1H,U15,Mewen,CARVALHO DE SOUSA,200.5,Top 10,2214
K1H,U18,Soren,RENAUD,240.0,Top 10,2214
K1H,U21,THOBIAS,GUILLOT-SECHUITTI,181.0,K1H,2301
K1D,M22,ALEXIA,DE MATTEIS,92.5,K1D,2301
C1D,U18,Sarah,TCHAO,74.0,Jeune,2403
K1D,U18,ZOE,MARY,76.25,Jeune,2403
C1D,U18,Sarah,TCHAO,74.0,CD,2403
C2H,,MANOEL/TANGUY,ROUSSIN/ROUSSIN,0.0,C2,2403
K1H,M22,JULES,MIGLINIEKS,20.75,K1H,2403
K1D,M22,CLARA,GAUBERT,1.25,K1D,2403
C1H,M22,TANGUY,ROUSSIN,19.75,C1H,2403
C1H,M22,MANOEL,ROUSSIN,30.25,Top 10,2403
K1H,M22,TANGUY,ROUSSIN,33.25,Top 10,2403
K1H,M22,CLEMENT,MOZAS,51.25,Top 10,2403
K1H,M22,MANOEL,ROUSSIN,54.0,Top 10,2403
C2H,,JULES/CLEMENT,MIGLINIEKS/MOZAS,56.75,Top 10,2403
K1D,M22,JULINE,AMBLARD,69.5,,2403
C2M,,CLARA/CLEMENT,GAUBERT/MOZAS,71.0,,2403
K1D,U18,ZOE,MARY,76.25,,2403
K1D,U18,Sarah,TCHAO,98.75,,2403
K1D,U18,Ninon,SAMMUT,101.25,,2403
C2D,,CLARA/ELSA,GAUBERT/GAUBERT,118.0,,2403
K1H,U18,ADAM,EL YAQTINE,132.75,,2403
C1D,U18,ZOE,MARY,145.25,,2403
C2D,,Ninon/Sarah,SAMMUT/TCHAO,182.5,,2403
C1D,U18,Ninon,SAMMUT,196.0,,2403
K1H,U18,Timothe,DURAND,64.0,Jeune,2410
K1H,U18,Alix,MARTIN,76.75,Jeune,2410
C2H,U18,Alix/Ewen,MARTIN/MARCHESSEAU,126.0,C2,2410
K1H,U18,Timothe,DURAND,64.0,K1H,2410
K1D,M,NATHALIE,GASTINEAU,71.25,K1D,2410
C1H,M22,STEPHANE,SANTAMARIA,9.25,C1H,2410
K1H,U18,Alix,MARTIN,76.75,Top 10,2410
C1H,M2,YOHANN,MARCHESSEAU,100.0,Top 10,2410
K1H,U18,Ewen,MARCHESSEAU,106.75,Top 10,2410
C1H,U18,Ewen,MARCHESSEAU,120.75,Top 10,2410
K1H,U15,Louis,BALT,154.75,Top 10,2410
C1H,U15,Louis,BALT,180.5,,2410
K1H,M22,PAUL,FLORES,238.0,,2410
K1H,U18,Xabi,NGUYEN VAN,75.25,Jeune,2412
C1H,U18,Xabi,NGUYEN VAN,82.75,Jeune,2412
C1D,,SANDRINE SARAH,MOLENE,89.75,CD,2412
C2H,M,PIERRE/GREGORY,VAN NIFTERIK - LAVIALLE/MAURICE,42.25,C2,2412
K1H,M22,MAX,TROUVE,46.75,K1H,2412
K1D,M22,Emma,LACOSTE,1.75,K1D,2412
C1H,M1,GREGORY,MAURICE,66.75,C1H,2412
K1H,M22,MARTIN,MARIEN,49.0,Top 10,2412
K1H,,MARTIN,MARIEN,49.0,Top 10,2412
K1H,M22,BASILE,NAILLON,56.75,Top 10,2412
K1H,U18,Xabi,NGUYEN VAN,75.25,Top 10,2412
C1H,U18,Xabi,NGUYEN VAN,82.75,Top 10,2412
C2M,,MAX/SANDRINE SARAH,TROUVE/MOLENE,83.25,,2412
K1D,U15,Isaure,VALETTE,93.75,,2412
K1D,U18,Laly,BARBARIN,96.75,,2412
K1H,M22,JEAN,COMBETTE,101.75,,2412
C1D,U15,Isaure,VALETTE,125.5,,2412
C1H,M2,SEBASTIEN,VALETTE,134.5,,2412
C1D,U18,Laly,BARBARIN,142.25,,2412
C1H,M2,Laurent,MOLENE,148.0,,2412
C1H,U15,Noe,MOLENE,159.0,,2412
K1H,U15,Noe,MOLENE,162.75,,2412
K1D,U18,LILO,BARBARIN,171.5,,2412
K1H,U18,TOM,TAVERNIER,177.5,,2412
C2H,M,SEBASTIEN/GERMINAL,VALETTE/PEIRO,180.0,,2412
K1H,U18,Iban,GUTIERREZ,221.0,,2412
K1H,U18,Gaspard,LEBRAN,317.0,,2412
K1H,M3,FREDERIC,DENISET,336.75,,2412
K1H,U18,Timothy,MARIE,83.75,Jeune,2415
C1H,U18,Timothy,MARIE,107.25,Jeune,2415
C1D,U15,Elisa,IBORRA MOLINS-DENIS,221.75,CD,2415
C2H,,NICOLAS/Matteo,SAUTEUR/ZANNI,4.0,C2,2415
K1H,M22,MAXENCE,BAROUH,0.0,K1H,2415
K1D,M22,Alice,SCHMITT,17.5,K1D,2415
C1H,M22,NICOLAS,SAUTEUR,0.0,C1H,2415
C1H,M22,Matteo,ZANNI,11.5,Top 10,2415
K1H,M22,FELIX,BOUVET,46.25,Top 10,2415
K1H,M1,OLIVIER,MOURASSE,58.75,Top 10,2415
K1H,M22,Marceau,FAGET,59.0,Top 10,2415
K1H,M22,NICOLAS,SAUTEUR,59.75,Top 10,2415
K1D,M,CECILE,VALLAEYS,62.25,,2415
K1H,U18,Timothy,MARIE,83.75,,2415
K1H,M22,Tom,YDOUX,88.75,,2415
C2H,M,JEROME/FREDERIC,MULLER/MARY,99.5,,2415
C1H,U18,Timothy,MARIE,107.25,,2415
C2H,U18,Timothy/Pierre,MARIE/HOREL,120.75,,2415
K1H,U18,Pierre,HOREL,142.0,,2415
C1H,M1,FREDERIC,MARY,142.25,,2415
K1H,M2,JEROME,MULLER,161.75,,2415
K1D,U15,Elisa,IBORRA MOLINS-DENIS,196.25,,2415
K1H,U21,CORENTIN,DA SILVA TRICOIRE,197.0,,2415
K1H,M1,FREDERIC,MARY,222.25,,2415
K1D,U18,LEONIE,WINIGER,229.5,,2415
K1H,U18,Mathis,DAVERTON,286.25,,2415
K1H,U15,Leo,BONNIN,299.75,,2415
K1H,U18,Ethan,DA SILVA-TRICOIRE,301.5,,2415
K1H,U15,Thomas,CHASSAING,305.0,,2415
C1H,U18,Mathis,DAVERTON,315.75,,2415
K1D,M,ELIETTE,LABRUE,445.25,,2415
K1D,U18,Agathe,DUPUY,118.5,Jeune,2417
C1D,U18,Agathe,DUPUY,123.5,Jeune,2417
C1D,U18,Agathe,DUPUY,123.5,CD,2417
C2H,,PIERRE/ANTHONY,TROUBADY/RUIZ,15.0,C2,2417
K1H,M1,DAMIEN,MAREAU,93.5,K1H,2417
K1D,M22,MANON,HOSTENS,0.0,K1D,2417
C1H,M22,PIERRE,TROUBADY,7.75,C1H,2417
C1H,M22,ANTHONY,RUIZ,29.75,Top 10,2417
C1H,M22,MATHIS,DELORME,81.25,Top 10,2417
C2M,,ANTHONY/Agathe,RUIZ/DUPUY,96.25,Top 10,2417
K1D,,Agathe,DUPUY,118.5,Top 10,2417
K1D,U18,Agathe,DUPUY,118.5,Top 10,2417
C2H,U15,Sacha/Gabriel,BOIZOT/FLAMIN,132.75,,2417
C1H,U15,Sacha,BOIZOT,193.0,,2417
C1D,U18,Louna,ALAVOINE,211.75,,2417
K1H,U15,Sacha,BOIZOT,237.0,,2417
C1H,U15,Gabriel,FLAMIN,250.75,,2417
K1H,U15,Gabriel,FLAMIN,304.0,,2417
K1H,U15,Martin,DE LOUREIRO MURAT,434.5,,2417
K1H,M1,XAVIER,MARIE,36.5,K1H,2502
K1H,U18,Ilian,PARISOT,132.25,Jeune,2514
K1H,U18,Ilian,PARISOT,132.25,K1H,2514
K1H,M2,ALEXANDRE,MAUGER,320.5,K1H,2708
K1H,U15,Arthur,GOUALARD,387.25,Jeune,2711
K1H,U15,Mewen,ESTHER-ADOLPHE,436.0,Jeune,2711
C1D,,LAURINE,DOMIEN,334.75,CD,2711
C2H,M,JEAN-PIERRE/JEAN-MICHEL,MOREAU/MOREAU,88.0,C2,2711
K1H,M3,JEAN-PIERRE,MOREAU,89.75,K1H,2711
K1D,M22,LAURINE,DOMIEN,115.75,K1D,2711
C1H,M1,MATTHIEU,VANNESTE,195.0,C1H,2711
C2H,M,MATTHIEU/CYRIL,VANNESTE/DUVAL,103.25,Top 10,2711
K1H,M3,JEAN-MICHEL,MOREAU,110.0,Top 10,2711
K1H,M1,CYRIL,DUVAL,126.5,Top 10,2711
K1H,M22,Julien,CABANNE,136.75,Top 10,2711
K1H,M22,RAPHAEL,GARNER,139.75,Top 10,2711
K1H,M3,LAURENT,DACOSTA,151.25,,2711
K1H,M3,GERARD,SAGOT,166.25,,2711
K1H,M3,JEAN-JACQUES,DUVAL,208.5,,2711
C2H,M,Olivier/PHILIPPE,GEORGIN/CABANNE,217.75,,2711
K1H,M3,PHILIPPE,CABANNE,220.5,,2711
K1H,M3,Nicolas,APPERCE,223.0,,2711
K1H,M3,SERGE,MARCEN,232.75,,2711
K1H,M3,Olivier,GEORGIN,251.75,,2711
K1H,M1,THOMAS,CAVIOLE,278.25,,2711
K1H,M3,JULIEN,AUDREN,289.0,,2711
K1H,U21,Arthur,DUCROCQ,310.5,,2711
K1D,M22,MADOUSSOU,SANOGO,342.5,,2711
C1D,,ANAELLE,GARNIER,349.5,,2711
K1H,M22,STEVEN,BATELLIER,387.25,,2711
K1H,U15,Arthur,GOUALARD,387.25,,2711
K1H,U15,Mewen,ESTHER-ADOLPHE,436.0,,2711
K1D,M,ISABELLE,MOLKO,620.0,,2711
C1H,U18,Gabin,BELLIERE,227.5,Jeune,2712
K1H,U18,Gabin,BELLIERE,316.5,Jeune,2712
C1D,,LISON,GAUTRELET,212.25,CD,2712
K1H,,Gabin,BELLIERE,316.5,K1H,2712
K1D,M22,LISON,GAUTRELET,146.75,K1D,2712
C1H,,Gabin,BELLIERE,227.5,C1H,2712
K1H,,ERWAN,DURAND,471.0,Top 10,2712
K1H,U18,ERWAN,DURAND,471.0,Top 10,2712
K1H,U15,Nolan,VAUDREVILLE,597.25,Top 10,2712
K1H,,Nolan,VAUDREVILLE,597.25,Top 10,2712
K1H,M22,Augustin,JAUJAY,92.0,K1H,2912
K1H,M3,JEAN,AUSSANT,163.75,Top 10,2912
K1H,,JEAN,AUSSANT,163.75,Top 10,2912
K1D,U18,Rachel,MAGNIEZ,72.25,Jeune,3105
K1H,U18,Corentin,FAYET,87.0,Jeune,3105
C1D,,MARGOT,BEZIAT,7.75,CD,3105
K1H,,CHRISTIAN,PROCESSE,77.25,K1H,3105
K1D,U21,Elina,PROCESSE,45.0,K1D,3105
C1H,U18,Corentin,FAYET,198.75,C1H,3105
K1D,U18,Rachel,MAGNIEZ,72.25,Top 10,3105
K1D,,Rachel,MAGNIEZ,72.25,Top 10,3105
K1H,U18,Corentin,FAYET,87.0,Top 10,3105
K1H,,Corentin,FAYET,87.0,Top 10,3105
K1H,M2,Pierre,LEYMONERIE,89.75,Top 10,3105
K1H,U21,ALEXANDRE,LEYMONERIE,98.0,,3105
K1H,M1,LAURENT,MARTINAT,101.25,,3105
K1H,U18,Thimothee,PROCESSE,103.5,,3105
K1H,,Thimothee,PROCESSE,103.5,,3105
K1H,M1,Tanguy,AUFFRET,108.0,,3105
C1D,U18,Rachel,MAGNIEZ,163.5,,3105
K1H,,Edouard,BONNAMY,200.5,,3105
K1H,U15,Edouard,BONNAMY,200.5,,3105
K1H,U15,Nathanael,FOUCOIN,212.75,,3105
K1H,,Nathanael,FOUCOIN,212.75,,3105
K1H,U15,Maxence,FOUCOIN,221.75,,3105
K1H,,Maxence,FOUCOIN,221.75,,3105
C2D,,Rachel/Elina,MAGNIEZ/PROCESSE,242.0,,3105
K1D,U15,Elisa,PEREIRA,104.25,Jeune,3309
K1D,U15,Capucine,FA__NA,132.25,Jeune,3309
C2D,U15,Capucine/Elisa,FA__NA/PEREIRA,227.25,CD,3309
C2H,U15,Hugo/Gauthier,IZQUIERDO PEREIRA/REGNAULT,240.25,C2,3309
K1H,M2,Ronan,TASTARD,58.0,K1H,3309
K1D,U15,Elisa,PEREIRA,104.25,K1D,3309
C1H,U15,Hugo,IZQUIERDO PEREIRA,418.25,C1H,3309
K1D,U15,Capucine,FA__NA,132.25,Top 10,3309
K1H,U15,Ulysse,BOYE,359.5,Top 10,3309
K1D,U15,Leonie,GERMAIN,112.25,Jeune,3310
K1D,U15,Leonie,GERMAIN,112.25,K1D,3310
C1H,U18,Yoan,BREISCH,42.75,Jeune,3311
K1H,U18,Yoan,BREISCH,96.75,Jeune,3311
C1D,,ELSA,GAUBERT,3.25,CD,3311
K1H,U21,Axel,DURRACQ,21.75,K1H,3311
K1D,M22,ELSA,GAUBERT,6.75,K1D,3311
C1H,U18,Yoan,BREISCH,42.75,C1H,3311
K1H,U21,AURELIEN,ROUBINET,28.5,Top 10,3311
K1H,U18,Yoan,BREISCH,96.75,Top 10,3311
C1H,U18,Romain,DEGOT,124.25,Top 10,3311
K1H,M2,RAPHAEL,BREISCH,275.5,Top 10,3311
K1H,M2,NICOLAS,LOPES,427.0,Top 10,3311
K1D,U18,Judith,PEREZ,40.75,Jeune,3318
K1H,U18,Timeo,IANOTTO,51.75,Jeune,3318
C1D,U18,Judith,PEREZ,62.5,CD,3318
K1H,U21,LEANDRE,BEAULANDE NOEL,11.25,K1H,3318
K1D,U21,Noa,PRADALIER,32.0,K1D,3318
C1H,U18,Alix,BALLOT,108.0,C1H,3318
K1D,U18,Judith,PEREZ,40.75,Top 10,3318
K1H,M22,RAPHAEL,LESCORCE,44.5,Top 10,3318
K1H,M2,FABRICE,PRADALIER,48.25,Top 10,3318
K1H,U18,Timeo,IANOTTO,51.75,Top 10,3318
K1H,U18,Clement,ARNOULD,55.0,Top 10,3318
K1H,U18,Jocelyn,PIQUES,74.5,,3318
K1H,U18,Matheo,WAESELYNCK,96.0,,3318
K1H,U15,Sacha,PEREZ,110.75,,3318
C1H,U18,Matheo,WAESELYNCK,127.25,,3318
K1D,U15,Maud,DUPRAT,130.25,,3318
C1H,U15,Sacha,PEREZ,139.25,,3318
C1H,U18,Clement,ARNOULD,153.5,,3318
K1H,U18,Ruben,FRONSACQ,174.5,,3318
K1H,U18,Alix,BALLOT,211.0,,3318
K1D,M,ANNE,CHOMBART,245.75,,3318
C1D,U15,Maud,DUPRAT,306.0,,3318
K1H,U15,Reda,ENNAHLI,328.25,,3318
K1H,M2,BENOIT,IANOTTO,352.25,,3318
K1H,U15,Leon,PRADALIER,389.5,,3318
K1H,M3,J Noel,KIEFFERT,1000.0,,3318
K1D,U15,Soha,RAOULT LE FOLL,75.75,Jeune,3501
K1H,U18,MARIUS,CHOTARD,125.25,Jeune,3501
C1D,,Elodie,MORIN-SEROT,175.5,CD,3501
C2H,,Pierre/JULIEN,DESEUSTE/SALIBA,53.0,C2,3501
K1H,M22,MAXENCE,GUIZIOU,21.0,K1H,3501
K1D,U15,Soha,RAOULT LE FOLL,75.75,K1D,3501
C1H,M22,Pierre,DESEUSTE,52.25,C1H,3501
K1H,U21,CLEMENT,MAHE,33.0,Top 10,3501
K1D,M22,Elodie,MORIN-SEROT,83.5,Top 10,3501
K1H,,MARIUS,CHOTARD,125.25,Top 10,3501
K1H,U18,MARIUS,CHOTARD,125.25,Top 10,3501
K1H,M22,GWENDAL,VALLEE,135.25,Top 10,3501
K1H,M22,MAXIME,KINTS,143.0,,3501
K1H,U15,Ewan,PIEL LOLLIVIER,146.0,,3501
K1H,,Ewan,PIEL LOLLIVIER,146.0,,3501
K1H,,BENJAMIN,BUSQUET,148.75,,3501
K1H,U15,BENJAMIN,BUSQUET,148.75,,3501
K1H,U18,Yuneg,LE QUINIO BERTIN,149.0,,3501
K1H,,Yuneg,LE QUINIO BERTIN,149.0,,3501
K1D,U15,Leontine,GOUJON,160.75,,3501
K1H,U18,Priam,LHEUREUX LEGRIS,169.25,,3501
K1H,,Priam,LHEUREUX LEGRIS,169.25,,3501
C2H,U15,Enzo/BENJAMIN,RUAULT/BUSQUET,169.25,,3501
K1H,U15,Gaspard,CHOTARD,171.5,,3501
K1H,,Gaspard,CHOTARD,171.5,,3501
K1H,U15,Angelo,PERINO,179.5,,3501
K1H,U18,Basile,GITEAU,183.0,,3501
C2M,U15,Angelo/Soha,PERINO/RAOULT LE FOLL,242.5,,3501
K1H,U15,Enzo,RUAULT,254.75,,3501
K1H,U15,Onesime,MAHAUT,262.25,,3501
K1H,,Onesime,MAHAUT,262.25,,3501
K1H,M22,IRENEE,JAUJAY,26.25,K1H,3701
K1D,U15,Mila,SANTAMARIA,41.5,Jeune,3703
C2M,,Maud/Maud,DENIS/DENIS,175.75,C2,3703
K1H,M22,Killian,BERLU,270.25,K1H,3703
K1D,U15,Mila,SANTAMARIA,41.5,K1D,3703
C2H,M,Denis/CHRISTIAN,SALLE/DELHOUME,183.0,C2,3704
K1H,U21,Louis,PAGES,23.0,K1H,3704
C1H,M3,CHRISTIAN,DELHOUME,221.25,C1H,3704
K1H,U21,ALEXANDRE,D'HALLUIN,73.5,Top 10,3704
C1H,M3,PHILIPPE,DUBOIS,263.75,Top 10,3704
C1H,M3,Denis,SALLE,313.0,Top 10,3704
K1H,U15,Baptiste,DESMERGER,126.75,Jeune,3804
K1H,U15,Gatien,CROCHET,192.0,Jeune,3804
K1H,M3,HERVE,VITALI,69.0,K1H,3804
K1D,U21,Camille,DESMERGER,48.75,K1D,3804
K1D,M,Anne-Blandine,DESMERGER,66.25,Top 10,3804
K1D,U21,SIDONIE,DUTERAGE,87.5,Top 10,3804
K1D,,SIDONIE,DUTERAGE,87.5,Top 10,3804
K1D,M,SOPHIE,DUTERAGE,114.25,Top 10,3804
K1D,,SOPHIE,DUTERAGE,114.25,Top 10,3804
K1H,M3,PHILIPPE,COUCHOUD,120.25,,3804
K1H,,Baptiste,DESMERGER,126.75,,3804
K1H,U15,Baptiste,DESMERGER,126.75,,3804
K1H,M3,Marc,JANERIAT,129.0,,3804
K1H,U15,Gatien,CROCHET,192.0,,3804
K1H,,Gatien,CROCHET,192.0,,3804
K1H,M3,CLAUDE,BERNARD,207.25,,3804
K1H,,THIERRY,DUTERAGE,216.0,,3804
K1H,M2,THIERRY,DUTERAGE,216.0,,3804
K1H,,Gabin,DUMONT,304.5,,3804
K1H,U15,Gabin,DUMONT,304.5,,3804
K1H,M1,GEREMY,PANTHOU,52.25,K1H,3812
K1H,M1,Mathias,GERARD,75.0,Top 10,3812
K1H,M3,MICHEL,CHAMPMARTIN,86.75,Top 10,3812
K1H,,MICHEL,CHAMPMARTIN,86.75,Top 10,3812
K1H,M1,CLEMENT,ROBET,117.0,Top 10,3812
C1H,U15,Noam,AGUESSE,279.5,Jeune,4409
K1H,U15,Noam,AGUESSE,350.5,Jeune,4409
K1H,M2,ANTOINE,PETITBERGHIEN,168.75,K1H,4409
K1D,U15,Valentine,ROUSSEAU,529.5,K1D,4409
C1H,M22,FRANCOIS,POIRIER,139.0,C1H,4409
C1H,U15,Noam,AGUESSE,279.5,Top 10,4409
C1H,,Noam,AGUESSE,279.5,Top 10,4409
K1H,U15,Noam,AGUESSE,350.5,Top 10,4409
K1H,,Noam,AGUESSE,350.5,Top 10,4409
K1H,U18,Felix,GRONDIN,40.25,Jeune,4421
K1D,U18,Marine,ROULAND,47.5,Jeune,4421
C1D,U18,Marine,ROULAND,191.25,CD,4421
C2M,,Marine/Felix,ROULAND/GRONDIN,58.0,C2,4421
K1H,U18,Felix,GRONDIN,40.25,K1H,4421
K1D,U18,Marine,ROULAND,47.5,K1D,4421
K1H,U21,Audren,LE DORE,61.5,Top 10,4421
K1D,M,CHARLOTTE,SOUCHEYRE,75.5,Top 10,4421
K1H,U15,Thomas,VINCONNEAU,93.25,Top 10,4421
K1H,U21,Baptiste,ROULAND,115.25,Top 10,4421
C2H,U18,Martin/Thomas,ROULAND/VINCONNEAU,132.25,Top 10,4421
K1H,U15,Aristide,BARATON,180.25,,4421
K1H,U18,Martin,ROULAND,191.0,,4421
K1H,M1,Adrien,AUBE,219.0,,4421
K1H,M22,ANTOINE,BUSSON,231.5,,4421
K1H,U15,Martin,BENIZE,274.5,,4421
K1H,U15,Eliott,SPECQUE,394.25,,4421
K1D,U15,Alice,GARNIER,231.75,Jeune,4566
K1H,U18,Gabriel,MOINE,251.5,Jeune,4566
K1H,M2,HERVE,DENIS,178.0,K1H,4566
K1D,U21,Maud,DENIS,114.5,K1D,4566
K1D,U15,Alice,GARNIER,231.75,Top 10,4566
K1D,,Alice,GARNIER,231.75,Top 10,4566
K1H,U18,Gabriel,MOINE,251.5,Top 10,4566
K1H,,Gabriel,MOINE,251.5,Top 10,4566
K1H,U18,Alix,JOLIT,62.0,Jeune,4705
K1H,U18,Victor,VAN DER HORST,89.75,Jeune,4705
K1H,M2,ERIC,JOLIT,19.5,K1H,4705
K1H,U18,Alix,JOLIT,62.0,Top 10,4705
K1H,U18,Victor,VAN DER HORST,89.75,Top 10,4705
K1H,M2,JEAN PAUL,POGET,103.0,Top 10,4705
K1H,M3,ERIC,GUERIN,126.25,Top 10,4705
K1D,U15,Eleanore,NOEL,149.75,Jeune,4713
C2M,U15,Eleanore/Arthur,NOEL/BREMOND,280.0,Jeune,4713
C1D,,CINDY,COAT,153.75,CD,4713
C2M,U15,Eleanore/Arthur,NOEL/BREMOND,280.0,C2,4713
K1H,M22,GAETAN,COAT,178.75,K1H,4713
K1D,,Eleanore,NOEL,149.75,K1D,4713
K1H,U15,Arthur,BREMOND,347.25,Top 10,4713
K1D,M22,Pauline,FRESLON,6.75,K1D,4921
K1D,M22,LISA,LEBOUC,8.5,Top 10,4921
C2H,U15,Felice/Arthur,BEILLARD/VALY,207.75,Jeune,4922
K1H,U15,Arthur,VALY,278.5,Jeune,4922
C2H,U15,Felice/Arthur,BEILLARD/VALY,207.75,C2,4922
K1H,M3,Pierre,LUMEAU,172.75,K1H,4922
K1D,U15,Louison,PETIT,285.25,K1D,4922
K1H,M3,YVES,LETEURTRE,212.25,Top 10,4922
K1H,U15,Arthur,VALY,278.5,Top 10,4922
K1H,U18,Gaspard,PETIT,280.75,Top 10,4922
K1H,U15,Felice,BEILLARD,287.0,Top 10,4922
K1H,,Felice,BEILLARD,287.0,Top 10,4922
K1H,U18,NATHAN,BUCAMP,316.0,,4922
K1H,U15,Gatien,DAVID COCHARD,368.5,,4922
K1H,,Gatien,DAVID COCHARD,368.5,,4922
K1H,U18,Benoit,CAPITAINE,225.5,Jeune,5102
K1H,U18,Benoit,CAPITAINE,225.5,K1H,5102
C1H,U21,Noe,CRAPART,77.25,C1H,5102
K1H,U18,Dorian,DELCROIX-PASLIER,58.0,Jeune,5109
K1D,U15,Leonie,JORDA,165.75,Jeune,5109
C2H,M,JEROME/JEROME,LACIRE/MAILFAIT,140.25,C2,5109
K1H,U18,Dorian,DELCROIX-PASLIER,58.0,K1H,5109
K1D,U15,Leonie,JORDA,165.75,K1D,5109
C1H,M2,JEROME,LACIRE,91.25,C1H,5109
K1H,M2,JEROME,MAILFAIT,111.0,Top 10,5109
K1H,U21,Leo,MOALIC,166.75,Top 10,5109
K1H,U18,Martin,DUBOTS DARTIGALONGUE,170.0,Top 10,5109
K1H,U18,Adrien,SCHAEFFER,177.25,Top 10,5109
C2H,U18,Martin/Adrien,DUBOTS DARTIGALONGUE/SCHAEFFER,188.0,Top 10,5109
K1H,U18,Sasha,ROSIER,188.25,,5109
K1H,U21,Nathan,FIERLING,194.5,,5109
K1H,M2,SEBASTIEN,DELCROIX,233.75,,5109
K1H,M3,BENOIT,PIGRET,258.75,,5109
K1H,U18,Quentin,FIERLING,261.25,,5109
C2H,U18,Sasha/Quentin,ROSIER/FIERLING,264.25,,5109
K1H,U15,Charles,PROT,515.25,,5109
C2H,U15,LEO/Victorien,CHEVALIER/POTTIER,184.25,Jeune,5301
K1H,U15,Victorien,POTTIER,283.0,Jeune,5301
C2H,U15,LEO/Victorien,CHEVALIER/POTTIER,184.25,C2,5301
K1H,U15,Victorien,POTTIER,283.0,K1H,5301
K1H,M1,Frederic,ANGOT,300.5,Top 10,5301
K1H,U15,LEO,CHEVALIER,391.25,Top 10,5301
K1D,U18,Eline,FOUCHER,86.25,Jeune,5302
K1D,U18,Anae,HONORE,115.75,Jeune,5302
C1D,U18,Anae,HONORE,323.5,CD,5302
C2M,,Eline/Mathis,FOUCHER/VENTRIBOUT,170.5,C2,5302
K1H,U21,Hugo,FOUCHER,48.75,K1H,5302
K1D,U18,Eline,FOUCHER,86.25,K1D,5302
K1H,M2,EMMANUEL,DUVAL,100.0,Top 10,5302
K1D,U18,Anae,HONORE,115.75,Top 10,5302
K1H,U18,Arthur,JUDAIS,182.25,Top 10,5302
K1H,M2,BRUNO,SAUVAGE,183.75,Top 10,5302
K1H,U15,Mathis,VENTRIBOUT,188.5,Top 10,5302
K1H,U15,Enzo,FOINEL,260.0,,5302
C2H,U15,Louis/Martin,HELARD/LEPINE,290.25,,5302
K1H,U15,Louis,HELARD,329.0,,5302
K1H,U15,Martin,LEPINE,360.0,,5302
K1H,U21,Thibault,KERLEAU,97.25,K1H,5609
K1H,M2,SEBASTIEN,GRESSEL,68.5,K1H,5705
K1H,M3,FRANCIS,JOUIN,107.75,K1H,5710
K1H,U18,Ivann,KLICHAMER--JANUEL,45.75,Jeune,5806
K1D,U18,Ana__lle,AUBRY,75.0,Jeune,5806
K1H,U18,Ivann,KLICHAMER--JANUEL,45.75,K1H,5806
K1D,U18,Ana__lle,AUBRY,75.0,K1D,5806
C1H,U18,J__r__my,GABEZ,119.75,C1H,5806
C1D,U18,Camille,FOUROTTE,37.75,Jeune,5807
C1D,U18,Camille,FOUROTTE,37.75,CD,5807
K1D,U18,Emma,ROINOT,61.75,Jeune,6102
C2H,U18,Natheo/Tom,COCAGNE/GOULLEY,129.5,Jeune,6102
C1D,U18,Emma,ROINOT,175.0,CD,6102
C2H,U18,Natheo/Tom,COCAGNE/GOULLEY,129.5,C2,6102
K1H,M22,ENZO,LE CADRE,49.5,K1H,6102
K1D,U18,Emma,ROINOT,61.75,K1D,6102
C1H,M22,CHARLES,FERRION,4.0,C1H,6102
K1H,M2,Sylvain,EUDE,57.5,Top 10,6102
C1H,U21,TOM,FLOUVAT,89.0,Top 10,6102
K1H,M22,FLORIAN,LEMARCHAND,90.25,Top 10,6102
K1H,U21,ALEXANDRE,DUVERGER,100.75,Top 10,6102
K1D,U21,LOLA,BROSSE,104.0,Top 10,6102
K1H,M22,CHARLES,FERRION,110.5,,6102
K1H,M2,CEDRIC,MOUCHOUX,119.75,,6102
C1H,M2,REGIS,EUDE,136.5,,6102
K1H,U15,Tom,GOULLEY,136.75,,6102
K1D,U21,ALDEE,FREMONT,147.0,,6102
K1H,M22,BRUNO,HELY,153.25,,6102
K1H,U18,Mathis,CANEVAROLO,164.5,,6102
K1H,U15,Pierre,BERHAULT-DELCOURT,186.25,,6102
K1H,U21,FRANCK,PERRIN,191.0,,6102
K1H,U18,Natheo,COCAGNE,194.25,,6102
K1H,M22,Julien,PLESSIS,197.25,,6102
C1H,U15,Maxime,ADAM,199.5,,6102
K1D,U18,Marion,HERMELINE,200.75,,6102
C1H,U18,Enzo,BONNEVILLE ROGELET,233.25,,6102
K1H,U15,Romain,EUDE,260.25,,6102
K1D,U18,Lucie,GANDAIS,288.75,,6102
K1H,U15,Maxime,ADAM,335.25,,6102
K1H,M22,Theo,BOUQUEREL,389.5,,6102
K1H,U15,Nathan,GOURMAUD,408.5,,6102
K1H,U18,Jules,SARAZIN,238.5,Jeune,6309
K1H,U15,TIMO,D'ABRIGEON,282.0,Jeune,6309
K1H,M2,JULIEN,CHANEL,96.0,K1H,6309
K1H,M3,Daniel,BAUDIMONT,148.25,Top 10,6309
K1H,,Daniel,BAUDIMONT,148.25,Top 10,6309
K1H,M3,GILLES,FERRER,156.25,Top 10,6309
K1H,U18,Jules,SARAZIN,238.5,Top 10,6309
K1H,U15,TIMO,D'ABRIGEON,282.0,Top 10,6309
K1H,,TIMO,D'ABRIGEON,282.0,,6309
K1H,M3,DOMINIQUE,BAYLACQ,72.25,K1H,6411
K1H,M1,LUCAS,GUERARD,236.0,K1H,6414
K1H,U21,Joseph,VINCENT,74.75,K1H,6501
K1D,U18,Marguerite,DE HASQUE,33.0,Jeune,6701
C1H,U18,Yann,CANEVET,35.5,Jeune,6701
C1D,U18,ELEONORE NILOUFAR,AMIR-TAHMASSEB,190.0,CD,6701
C2H,U18,NATHAN/Tom,RIVIERE/KAERLE,95.5,C2,6701
K1H,U21,Adam,HRAIBA,25.75,K1H,6701
K1D,U18,Marguerite,DE HASQUE,33.0,K1D,6701
C1H,M22,Quentin,DAZEUR,14.75,C1H,6701
C1H,U18,Yann,CANEVET,35.5,Top 10,6701
K1D,U18,ELEONORE NILOUFAR,AMIR-TAHMASSEB,40.75,Top 10,6701
K1H,U18,Alban,FRANCOIS SIFFERT,41.5,Top 10,6701
C1H,M22,MAXIME,HELLE,56.5,Top 10,6701
K1H,U18,NATHAN,RIVIERE,65.75,Top 10,6701
K1H,U18,William,CHERRIER,84.0,,6701
K1D,U18,MARILOU,HARTENSTEIN,86.75,,6701
K1H,U18,Raphael,VAN LAMSWEERDE,109.0,,6701
K1H,M2,Erwan,LE SCLOTOUR,119.75,,6701
C2H,,MAXIME/Yann,HELLE/CANEVET,124.25,,6701
C1H,U18,Enzo,COURTAUX,128.5,,6701
K1H,U18,Marcelin,GILLIOT,132.75,,6701
K1H,U18,Tom,KAERLE,144.0,,6701
C2H,U18,Enzo/MATHIS,COURTAUX/CARRIER,144.5,,6701
K1H,U18,MATHIS,CARRIER,147.0,,6701
K1H,U18,Louis,BALLONZOLI,159.25,,6701
K1H,M2,PASCAL,ADAM,173.75,,6701
K1D,U18,Marie,NEUBERG,176.25,,6701
K1D,U15,Alix,BARRAULT,248.5,,6701
C1H,U15,Teilo,ADAMS,256.0,,6701
K1H,U15,Timon,LE NY,392.75,,6701
K1H,U18,Titouan,LE SCLOTOUR,630.0,,6701
K1H,U18,LEO,MULLER,215.0,Jeune,6705
K1H,U18,Lucas,OPFERMANN,215.0,Jeune,6705
C2H,U18,Jeremy/Lucas,LAVOCAT/OPFERMANN,284.0,C2,6705
K1H,M1,JEROME,MORGENTHALER,132.25,K1H,6705
C1H,U18,LEO,MULLER,267.0,C1H,6705
K1H,U18,LEO,MULLER,215.0,Top 10,6705
K1H,U18,Lucas,OPFERMANN,215.0,Top 10,6705
K1H,U15,Jeremy,LAVOCAT,270.25,Top 10,6705
K1H,U18,Yoann,LAVENN,840.25,Jeune,6720
K1H,M22,BRYAN,WOLFFER,241.75,K1H,6720
K1H,U18,Yoann,LAVENN,840.25,Top 10,6720
C2H,U18,ANAEL/Elouan,CANEVET/BEZILLES,69.75,Jeune,6803
C1H,U18,Elouan,BEZILLES,77.75,Jeune,6803
C1D,,LAURA,FONTAINE,0.0,CD,6803
C2H,U18,ANAEL/Elouan,CANEVET/BEZILLES,69.75,C2,6803
K1H,M22,JULES,BAGOT,63.0,K1H,6803
K1D,M22,LAURA,FONTAINE,13.0,K1D,6803
C1H,M22,LOUIS,PASSERNIG,13.0,C1H,6803
C1H,M22,RAPHAEL,QUENAULT,49.0,Top 10,6803
K1D,M22,JULIE,OBRECHT,62.75,Top 10,6803
C1H,U18,Elouan,BEZILLES,77.75,Top 10,6803
C2M,,JULES/JULIE,BAGOT/OBRECHT,79.0,Top 10,6803
K1D,M,NATHALIE,LECLERC,89.25,Top 10,6803
C1H,U18,ANAEL,CANEVET,102.5,,6803
C1H,U18,Auguste,GOLAY,120.75,,6803
K1D,U18,Savanah,LEBRUMANT,136.75,,6803
K1H,U18,Auguste,GOLAY,142.0,,6803
K1H,U15,Baptiste,KIRY,149.75,,6803
K1H,U18,Remy,ROTHAN,164.0,,6803
K1H,U15,Leo,OHLMANN,205.25,,6803
K1D,U18,Eolia,KAUFFMANN LECLERC,221.0,,6803
K1D,U15,Lily Rose,SCHMIDT,277.25,,6803
K1H,U15,Francisco,ALVAREZ,538.75,,6803
K1H,U18,ACHILLE,RIVIERE,576.25,,6803
C1H,U18,NATHAN,ROUY,128.5,Jeune,7203
C1H,U18,MATTEO,DELORME,129.25,Jeune,7203
K1H,U18,MATTEO,DELORME,242.75,K1H,7203
K1D,U18,Aude,SOLER,451.25,K1D,7203
C1H,U18,NATHAN,ROUY,128.5,C1H,7203
C1H,U18,MATTEO,DELORME,129.25,Top 10,7203
K1H,U18,Robin,TAPISSIER,56.25,Jeune,7206
K1H,U18,Thomas,PINEAU,115.75,Jeune,7206
K1H,U18,Robin,TAPISSIER,56.25,K1H,7206
K1D,U15,MARION,RICHARD,201.0,K1D,7206
K1H,U18,Thomas,PINEAU,115.75,Top 10,7206
K1H,U18,Timon,PERRET,117.0,Top 10,7206
K1H,M3,GERALD,LECLERC,211.75,Top 10,7206
K1H,M2,EMMANUEL,PERRET,262.5,Top 10,7206
K1H,M22,JULIEN,ADAM,264.5,Top 10,7206
K1H,U18,Ylan,DUGAT,274.5,,7206
K1H,M2,THIERRY,LEJARD,288.75,,7206
K1H,M2,PATRICE,VANNIER,520.75,,7206
C1H,U18,Emile,PICHARD,29.25,Jeune,7209
C2H,,ROMAIN/VINCENT,FAUCHEUX/CHANTEUX,478.0,C2,7209
K1H,,ALEXIS,BRULE,147.75,K1H,7209
K1D,M22,LISE,VINET,0.25,K1D,7209
C1H,U18,Emile,PICHARD,29.25,C1H,7209
C1H,M22,CEDRIC,PAPIN,109.0,Top 10,7209
K1D,,Audrey,MORICE,223.5,Top 10,7209
K1D,U21,Audrey,MORICE,223.5,Top 10,7209
K1H,M22,VINCENT,CHANTEUX,233.75,Top 10,7209
K1H,U15,Cl__ment,BRENTCHENEFF,229.5,Jeune,7211
K1H,U15,Cl__ment,BRENTCHENEFF,229.5,K1H,7211
K1D,U21,LEILA,GUEN,173.0,K1D,7211
K1H,M3,Christophe,HERBIN,115.25,K1H,7411
K1H,U18,Loig,LE GUENNEC,50.5,Jeune,7705
C1H,U18,Ilyan,DINALLY,60.75,Jeune,7705
C2H,,DIMITRI/JEROME,TOSTAIN/PAYEN,41.5,C2,7705
K1H,U21,DIMITRI,TOSTAIN,3.0,K1H,7705
K1D,,ADELE,CHARLAIGRE,74.0,K1D,7705
C1H,M22,MATHIS,PERREAU,0.5,C1H,7705
K1H,M22,EMILIEN,BERLAND,45.25,Top 10,7705
K1H,U18,Loig,LE GUENNEC,50.5,Top 10,7705
C1H,M22,JULIEN,SALIBA,56.75,Top 10,7705
K1H,U21,NOUREDINE,ZEROUGA,56.75,Top 10,7705
C1H,U18,Ilyan,DINALLY,60.75,Top 10,7705
C2H,U18,Loig/Nolann,LE GUENNEC/FIDON,63.0,,7705
K1H,U21,JEROME,PAYEN,64.0,,7705
K1H,U18,Nolann,FIDON,65.5,,7705
K1H,M1,THOMAS,D__S__MERIE,71.75,,7705
K1D,U21,CLARA,DELAHAYE,81.25,,7705
K1D,,CLARA,DELAHAYE,81.25,,7705
K1H,M22,WALLY,NDIAYE,108.5,,7705
K1H,,WALLY,NDIAYE,108.5,,7705
K1H,,Maxime,SNIGUR,247.25,,7705
K1H,U15,Maxime,SNIGUR,247.25,,7705
K1H,U15,Tino,FIDON,322.0,,7705
K1H,,Tino,FIDON,322.0,,7705
K1H,M2,SYLVAIN,BONNIN,207.0,K1H,7902
K1H,U21,Gaetan,ROUSSEAU,43.25,K1H,7903
C1H,U21,Gaetan,ROUSSEAU,11.0,C1H,7903
K1H,M22,Felix,NICOLLEAU,127.75,Top 10,7903
K1D,U18,Brownichka,BECQUET,141.0,Jeune,8010
K1D,U18,Prune,ROUSSEAU,168.0,Jeune,8010
C1D,U18,Brownichka,BECQUET,237.0,CD,8010
C2M,,CEDRIC/STEPHANIE,SENEPART/MARLIOT,269.5,C2,8010
K1H,M2,CEDRIC,SENEPART,248.5,K1H,8010
K1D,U18,Brownichka,BECQUET,141.0,K1D,8010
C1H,M22,LEANDRE,PISKULA,58.25,C1H,8010
K1D,U18,Prune,ROUSSEAU,168.0,Top 10,8010
C1H,M2,CEDRIC,SENEPART,179.25,Top 10,8010
C1D,U18,Prune,ROUSSEAU,248.5,Top 10,8010
K1D,M,STEPHANIE,MARLIOT,250.75,Top 10,8010
K1H,U18,MATTEO,DURAND,275.25,Top 10,8010
K1H,U18,Esteban,SENEPART,305.5,,8010
C2D,,Prune/Brownichka,ROUSSEAU/BECQUET,384.25,,8010
K1H,M3,FRANCIS,BOITEL,435.25,,8010
C1H,M22,ETIENNE,KLATT,3.5,C1H,8402
C1H,M22,Theo,VIENS,0.0,C1H,8404
C1H,U18,Gabriel,AUVOLAT,32.0,Jeune,8501
K1D,U18,Manon,GREAU,64.25,Jeune,8501
C2D,,Manon/Mae,GREAU/PIGNON,216.5,CD,8501
C2H,M,MARC/Pascal,BRODIEZ/BRODIEZ,83.75,C2,8501
K1H,,CHRISTIAN,AUVOLAT,121.0,K1H,8501
K1D,U18,Manon,GREAU,64.25,K1D,8501
C1H,U18,Gabriel,AUVOLAT,32.0,C1H,8501
C1H,M1,MARC,BRODIEZ,48.5,Top 10,8501
K1D,U18,Mae,PIGNON,91.5,Top 10,8501
K1H,M2,Aurelien,PIGNON,130.75,Top 10,8501
C1H,M3,Pascal,BRODIEZ,163.75,Top 10,8501
K1H,U18,SAMUEL,BLANCHARD,185.25,Top 10,8501
K1H,,SAMUEL,BLANCHARD,185.25,,8501
C1H,M3,PIERRE,CHASSIGNEUX,236.5,,8501
C1H,,PIERRE,CHASSIGNEUX,236.5,,8501
K1D,U15,Luce,DONOT,239.0,,8501
K1D,,Luce,DONOT,239.0,,8501
K1H,U21,THOMAS,AUVOLAT,562.75,,8501
C1H,M2,Thierry,DEROUINEAU,98.75,C1H,8602
C1H,M2,Sylvain,BAZIN,181.25,Top 10,8602
C1H,U18,Robin,BIENASSIS,34.25,Jeune,8604
K1D,U18,Elena,PENOT,44.0,Jeune,8604
C1D,U18,Noellie,DUQUERROY,349.75,CD,8604
C2H,U18,Robin/Timeo,BIENASSIS/IANOTTO,52.0,C2,8604
K1H,M2,Laurent,URVOIS,74.75,K1H,8604
K1D,M22,CLAIRE,BREN,0.0,K1D,8604
C1H,U18,Robin,BIENASSIS,34.25,C1H,8604
K1D,U18,Elena,PENOT,44.0,Top 10,8604
C1H,U18,Lucas,JACQUIER,66.5,Top 10,8604
K1D,U18,Noellie,DUQUERROY,96.0,Top 10,8604
K1H,M2,QUENTIN,GEEROMS,109.25,Top 10,8604
C2H,U18,Mathieu/Lenny,RENAUD/GIRARD,119.75,Top 10,8604
K1H,U18,Mathieu,RENAUD,129.25,,8604
K1H,,Mathieu,RENAUD,129.25,,8604
C1H,,Lenny,GIRARD,136.5,,8604
C1H,U18,Lenny,GIRARD,136.5,,8604
K1H,U18,Leo,BOUCHET,141.75,,8604
K1H,,Leo,BOUCHET,141.75,,8604
K1H,U21,Emilien,GELINAUD,145.5,,8604
K1D,U15,Faustine,ROY,153.25,,8604
C2H,U18,ARTHUR/Leo,RENAUD/BOUCHET,180.5,,8604
K1H,,ARTHUR,RENAUD,184.25,,8604
K1H,U18,ARTHUR,RENAUD,184.25,,8604
K1H,M22,FABIEN,DENIS,187.5,,8604
K1H,,FABIEN,DENIS,187.5,,8604
K1H,,Lucas,JACQUIER,192.0,,8604
K1H,U18,Lucas,JACQUIER,192.0,,8604
C1H,U18,Mathieu,RENAUD,256.0,,8604
C1H,,Mathieu,RENAUD,256.0,,8604
K1H,,Lenny,GIRARD,257.75,,8604
K1H,U18,Lenny,GIRARD,257.75,,8604
C1H,U18,PAUL,DELEPLANCQUE,38.5,Jeune,8606
K1H,U18,Paul,BACLE LACOMBE,81.75,Jeune,8606
C1D,,Nora,KOUBAITI,124.5,CD,8606
C2H,,Nathan/CHARLIE,MACOIN/BROSSARD,145.75,C2,8606
K1H,U18,Paul,BACLE LACOMBE,81.75,K1H,8606
K1D,U21,Nora,KOUBAITI,37.5,K1D,8606
C1H,U18,PAUL,DELEPLANCQUE,38.5,C1H,8606
K1H,M22,LUCAS,DELEPLANCQUE,83.25,Top 10,8606
K1H,,LUCAS,DELEPLANCQUE,83.25,Top 10,8606
C1H,M22,LUCAS,DELEPLANCQUE,126.5,Top 10,8606
K1D,M22,Ethel,SIMON,136.25,Top 10,8606
K1H,U18,PAUL,DELEPLANCQUE,141.0,Top 10,8606
C1H,U18,Paul,BACLE LACOMBE,150.75,,8606
K1H,M22,Rodrigue,CULOS,172.5,,8606
K1H,U15,Nael,JACQUET,203.75,,8606
K1H,M3,ALAIN,SIMON,300.5,,8606
K1H,M1,GAETAN,GUYONNET,27.75,K1H,8612
K1H,U18,Samuel,TAILLIFET,201.5,Jeune,8614
K1H,U18,Paul,BONBONNY,291.75,Jeune,8614
C1D,,ZAURA,MALINGE,61.25,CD,8614
K1H,,PAUL,BRUNETEAU,170.5,K1H,8614
K1D,U21,ZAURA,MALINGE,98.5,K1D,8614
K1H,U18,Samuel,TAILLIFET,201.5,Top 10,8614
K1H,,Samuel,TAILLIFET,201.5,Top 10,8614
K1H,,Paul,BONBONNY,291.75,Top 10,8614
K1H,U18,Paul,BONBONNY,291.75,Top 10,8614
K1H,U15,ENZO,LOPEZ,324.25,Top 10,8614
K1H,,ENZO,LOPEZ,324.25,,8614
K1H,,HERVE,DENIS,178.0,K1H,8705
K1D,U18,Leonie,DIDIER,65.5,Jeune,8802
K1D,U15,Lisa,MATHIOT,92.5,Jeune,8802
C1D,,Claire,HAAB,96.25,CD,8802
C2H,,Esteban/LOUIS,GEORGE/LAPOINTE,64.25,C2,8802
K1H,M22,YVES,WEHMER,32.25,K1H,8802
K1D,M22,Mathilde,VALDENAIRE,26.0,K1D,8802
C1H,M22,LOUIS,LAPOINTE,13.75,C1H,8802
C1H,U21,Jan Gabin,PISCHEK,32.75,Top 10,8802
C1H,,Jan Gabin,PISCHEK,32.75,Top 10,8802
C1H,M2,GWENDAL,DUCHET,43.25,Top 10,8802
K1D,M,CHARLENE,LE CORVAISIER,52.25,Top 10,8802
C1H,,JAN,PISCHEK,60.75,Top 10,8802
C1H,M2,JAN,PISCHEK,60.75,,8802
K1H,U21,Dimitri,SCHOEPFER WALTER,61.25,,8802
K1D,U18,Leonie,DIDIER,65.5,,8802
K1D,M22,COLINE,HUSSON,66.25,,8802
K1H,M22,CHRISTOPHE,POULAIN,70.0,,8802
K1D,M,MAGALI,THIEBAUT,80.5,,8802
C1H,U21,THEO,DIDIER,81.0,,8802
C2H,,Jan Gabin/THEO,PISCHEK/DIDIER,87.0,,8802
K1H,M22,Esteban,GEORGE,88.0,,8802
K1D,U15,Lisa,MATHIOT,92.5,,8802
K1H,M2,GWENDAL,DUCHET,96.5,,8802
C1D,U18,Leonie,DIDIER,107.0,,8802
K1D,U15,Melyne,ROBERT,107.25,,8802
C1D,,CHARLENE,LE CORVAISIER,126.25,,8802
K1H,U18,NICOLAS,SCHNEIDER,143.0,,8802
K1D,U15,Alycia,REMY,170.0,,8802
C1D,U15,Melyne,ROBERT,205.75,,8802
C2H,U15,Evan/Lubin,DIDIER/HUBSCHI,212.0,,8802
C2D,,Leonie/Lisa,DIDIER/MATHIOT,220.5,,8802
K1H,U15,Lubin,HUBSCHI,268.25,,8802
K1H,U15,Evan,DIDIER,282.0,,8802
C1H,U15,Evan,DIDIER,463.0,,8802
K1H,U18,Noa,NIKIEMA-SCHWARZ,33.75,Jeune,9202
C1H,U18,Noa,NIKIEMA-SCHWARZ,34.25,Jeune,9202
C1D,U18,CAROLE,HUIBAN-DESCOFFRE,58.25,CD,9202
C2H,U18,Thomas/Jules,CIEKALA/BACHOFFER,44.0,C2,9202
K1H,,Noa,NIKIEMA-SCHWARZ,33.75,K1H,9202
K1D,U18,CAROLE,HUIBAN-DESCOFFRE,41.25,K1D,9202
C1H,U18,Noa,NIKIEMA-SCHWARZ,34.25,C1H,9202
C1D,,MARION,LOHEAC,69.5,Top 10,9202
C1D,,MARION,LOHEAC,69.5,Top 10,9202
K1H,M22,Matthieu,BESSIERE,70.75,Top 10,9202
K1D,M22,MARION,LOHEAC,77.75,Top 10,9202
K1D,,MARION,LOHEAC,77.75,Top 10,9202
K1H,U18,Thomas,CIEKALA,78.0,,9202
K1H,,Thomas,CIEKALA,78.0,,9202
C1H,U18,Jules,BACHOFFER,85.5,,9202
C1H,,Jules,BACHOFFER,85.5,,9202
K1H,U18,Benjamin,CONAND,87.0,,9202
K1H,U18,Jules,BACHOFFER,98.5,,9202
K1H,U18,Julien,BESSIERE,98.5,,9202
K1H,,Jules,BACHOFFER,98.5,,9202
C1H,U18,Benjamin,SOUNACK,112.0,,9202
C1H,,Benjamin,SOUNACK,112.0,,9202
K1H,,Quentin,DE NARP,126.0,,9202
K1H,U15,Quentin,DE NARP,126.0,,9202
C2H,U15,Quentin/Martin,DE NARP/YOCHUM,126.5,,9202
K1H,M3,CHRISTIAN,CHARBONNIER,136.0,,9202
K1H,M2,SEBASTIEN,GAILLARD,152.5,,9202
K1H,,SEBASTIEN,GAILLARD,152.5,,9202
K1H,U21,SIMON,AUBOUIN,159.25,,9202
K1H,,Martin,YOCHUM,188.0,,9202
K1H,U15,Martin,YOCHUM,188.0,,9202
K1H,U18,Benjamin,SOUNACK,203.5,,9202
K1H,,Benjamin,SOUNACK,203.5,,9202
K1H,M22,GUSTAVE,FAURE,205.5,,9202
K1H,M3,PATRICE,BESSIERE,279.25,,9202
K1H,U18,Gabriel,GUIDEMANN GERMAIN,413.0,,9202
K1D,U18,Luna,LLORET LINARES,54.25,Jeune,9404
K1H,U18,Louis,ARENS,54.75,Jeune,9404
C2M,,JULIE/ANTOINE,FIEVEZ/MASSONNET,94.75,C2,9404
K1H,M22,Augustin,REBOUL,0.0,K1H,9404
K1D,M22,CHLOE,RUFFIN-PAYEN,48.75,K1D,9404
C1H,M22,ANTOINE,MASSONNET,120.0,C1H,9404
K1H,M2,MATHIEU,DURAND,24.0,Top 10,9404
K1D,U21,NINA,LLORET LINARES,52.0,Top 10,9404
K1D,U18,Luna,LLORET LINARES,54.25,Top 10,9404
K1H,U18,Louis,ARENS,54.75,Top 10,9404
K1H,M22,Anatole,JOSPIN,89.0,Top 10,9404
K1H,U21,Thomas,GAUD,101.0,,9404
C2M,,Claire/Louis,LE PALLEC/ARENS,119.5,,9404
K1D,U18,Claire,LE PALLEC,132.0,,9404
K1D,M,JULIE,FIEVEZ,144.5,,9404
K1H,U18,Mika,ROLLEY BOCAZ,149.25,,9404
C1H,M3,Philippe,PAOLETTI,164.25,,9404
K1H,U18,Timoth__e,GUERIN CLEANDRE,174.5,,9404
C1H,M2,GILLES,GAUD,187.5,,9404
K1H,U15,Gaspard,SIMONNOT,202.5,,9404
K1D,U18,Lina,BELHADDAD,97.25,Jeune,9407
K1D,U18,Adelie,COURRECH DU PONT,103.0,Jeune,9407
C1D,,Nina,PESCE-ROUE,222.75,CD,9407
K1H,M22,JOSHUA,RAVET,229.25,K1H,9407
K1D,U18,Lina,BELHADDAD,97.25,K1D,9407
K1D,,Adelie,COURRECH DU PONT,103.0,Top 10,9407
K1D,U18,Adelie,COURRECH DU PONT,103.0,Top 10,9407
K1D,U21,Nina,PESCE-ROUE,156.25,Top 10,9407
K1D,,Nina,PESCE-ROUE,156.25,Top 10,9407
